{"cameraMode":{"drawMode":0,"name":"Shaded","section":"Shading Mode"},"sceneLighting":true,"audioPlay":false,"sceneViewState":{"showFog":true,"showMaterialUpdate":true,"showSkybox":true,"showFlares":true,"showImageEffects":true,"showParticleSystems":true},"in2DMode":false,"pivot":{"x":-0.32455700635910036,"y":-0.06306399405002594,"z":-0.5390653610229492},"rotation":{"x":0.12953698635101319,"y":0.6534155607223511,"z":-0.11485575884580612,"w":0.736937403678894},"size":9.562503814697266,"orthographic":true}